symbol,close,date
GS,173.080002,2010-01-04
GS,176.139999,2010-01-05
GS,174.259995,2010-01-06
GS,177.669998,2010-01-07
GS,174.309998,2010-01-08
GS,171.559998,2010-01-11
GS,167.820007,2010-01-12
GS,169.070007,2010-01-13
GS,168.529999,2010-01-14
GS,165.21000700000002,2010-01-15
GS,166.860001,2010-01-19
GS,167.78999299999998,2010-01-20
GS,160.869995,2010-01-21
GS,154.119995,2010-01-22
GS,154.979996,2010-01-25
GS,150.880005,2010-01-26
GS,151.5,2010-01-27
GS,153.28999299999998,2010-01-28
GS,148.720001,2010-01-29
GS,153.130005,2010-02-01
GS,156.940002,2010-02-02
GS,157.229996,2010-02-03
GS,150.679993,2010-02-04
GS,154.16000400000001,2010-02-05
GS,151.100006,2010-02-08
GS,152.490005,2010-02-09
GS,153.630005,2010-02-10
GS,154.050003,2010-02-11
GS,153.929993,2010-02-12
GS,157.399994,2010-02-16
GS,157.259995,2010-02-17
GS,155.729996,2010-02-18
GS,156.179993,2010-02-19
GS,156.71000700000002,2010-02-22
GS,156.699997,2010-02-23
GS,158.330002,2010-02-24
GS,156.440002,2010-02-25
GS,156.350006,2010-02-26
GS,156.53999299999998,2010-03-01
GS,158.75,2010-03-02
GS,157.720001,2010-03-03
GS,163.610001,2010-03-04
GS,167.179993,2010-03-05
GS,169.83999599999999,2010-03-08
GS,168.850006,2010-03-09
GS,171.940002,2010-03-10
GS,173.509995,2010-03-11
GS,174.96000700000002,2010-03-12
GS,173.529999,2010-03-15
GS,176.190002,2010-03-16
GS,176.639999,2010-03-17
GS,177.449997,2010-03-18
GS,177.899994,2010-03-19
GS,176.16000400000001,2010-03-22
GS,174.830002,2010-03-23
GS,174.41000400000001,2010-03-24
GS,174.899994,2010-03-25
GS,172.869995,2010-03-26
GS,174.050003,2010-03-29
GS,171.380005,2010-03-30
GS,170.630005,2010-03-31
GS,170.220001,2010-04-01
GS,173.16000400000001,2010-04-05
GS,172.899994,2010-04-06
GS,176.360001,2010-04-07
GS,179.5,2010-04-08
GS,179.119995,2010-04-09
GS,177.83999599999999,2010-04-12
GS,179.25,2010-04-13
GS,184.919998,2010-04-14
GS,184.270004,2010-04-15
GS,160.699997,2010-04-16
GS,163.320007,2010-04-19
GS,159.979996,2010-04-20
GS,158.929993,2010-04-21
GS,159.050003,2010-04-22
GS,157.399994,2010-04-23
GS,152.029999,2010-04-26
GS,153.03999299999998,2010-04-27
GS,157.009995,2010-04-28
GS,160.240005,2010-04-29
GS,145.199997,2010-04-30
GS,149.5,2010-05-03
GS,149.449997,2010-05-04
GS,148.190002,2010-05-05
GS,142.320007,2010-05-06
GS,142.990005,2010-05-07
GS,143.830002,2010-05-10
GS,141.970001,2010-05-11
GS,147.199997,2010-05-12
GS,144.649994,2010-05-13
GS,143.229996,2010-05-14
GS,142.639999,2010-05-17
GS,137.360001,2010-05-18
GS,140.100006,2010-05-19
GS,136.100006,2010-05-20
GS,140.619995,2010-05-21
GS,136.690002,2010-05-24
GS,142.559998,2010-05-25
GS,140.300003,2010-05-26
GS,144.949997,2010-05-27
GS,144.259995,2010-05-28
GS,141.860001,2010-06-01
GS,144.830002,2010-06-02
GS,144.03999299999998,2010-06-03
GS,142.25,2010-06-04
GS,138.679993,2010-06-07
GS,137.779999,2010-06-08
GS,136.800003,2010-06-09
GS,133.770004,2010-06-10
GS,135.639999,2010-06-11
GS,133.440002,2010-06-14
GS,136.899994,2010-06-15
GS,137.059998,2010-06-16
GS,137.320007,2010-06-17
GS,138.179993,2010-06-18
GS,137.740005,2010-06-21
GS,134.78999299999998,2010-06-22
GS,135.070007,2010-06-23
GS,134.979996,2010-06-24
GS,139.66000400000001,2010-06-25
GS,136.66000400000001,2010-06-28
GS,133.759995,2010-06-29
GS,131.270004,2010-06-30
GS,131.139999,2010-07-01
GS,131.080002,2010-07-02
GS,132.259995,2010-07-06
GS,135.830002,2010-07-07
GS,135.46000700000002,2010-07-08
GS,138.059998,2010-07-09
GS,137.25,2010-07-12
GS,140.25,2010-07-13
GS,139.059998,2010-07-14
GS,145.220001,2010-07-15
GS,146.169998,2010-07-16
GS,145.679993,2010-07-19
GS,148.91000400000001,2010-07-20
GS,146.990005,2010-07-21
GS,146.550003,2010-07-22
GS,147.380005,2010-07-23
GS,148.199997,2010-07-26
GS,147.229996,2010-07-27
GS,147.199997,2010-07-28
GS,152.580002,2010-07-29
GS,150.820007,2010-07-30
GS,152.740005,2010-08-02
GS,153.190002,2010-08-03
GS,156.41000400000001,2010-08-04
GS,155.919998,2010-08-05
GS,155.179993,2010-08-06
GS,155.399994,2010-08-09
GS,153.899994,2010-08-10
GS,149.25,2010-08-11
GS,149.419998,2010-08-12
GS,148.080002,2010-08-13
GS,147.759995,2010-08-16
GS,148.58999599999999,2010-08-17
GS,149.199997,2010-08-18
GS,147.050003,2010-08-19
GS,148.240005,2010-08-20
GS,146.740005,2010-08-23
GS,143.949997,2010-08-24
GS,144.679993,2010-08-25
GS,141.809998,2010-08-26
GS,139.75,2010-08-27
GS,136.66000400000001,2010-08-30
GS,136.929993,2010-08-31
GS,139.740005,2010-09-01
GS,139.779999,2010-09-02
GS,147.28999299999998,2010-09-03
GS,145.21000700000002,2010-09-07
GS,147.53999299999998,2010-09-08
GS,149.139999,2010-09-09
GS,150.389999,2010-09-10
GS,154.369995,2010-09-13
GS,152.529999,2010-09-14
GS,152.559998,2010-09-15
GS,152.229996,2010-09-16
GS,150.979996,2010-09-17
GS,151.899994,2010-09-20
GS,151.399994,2010-09-21
GS,148.070007,2010-09-22
GS,144.91000400000001,2010-09-23
GS,147.279999,2010-09-24
GS,146.0,2010-09-27
GS,145.009995,2010-09-28
GS,144.419998,2010-09-29
GS,144.580002,2010-09-30
GS,147.699997,2010-10-01
GS,146.570007,2010-10-04
GS,149.570007,2010-10-05
GS,150.83999599999999,2010-10-06
GS,151.110001,2010-10-07
GS,152.66000400000001,2010-10-08
GS,152.199997,2010-10-11
GS,155.21000700000002,2010-10-12
GS,154.729996,2010-10-13
GS,151.58999599999999,2010-10-14
GS,150.690002,2010-10-15
GS,153.699997,2010-10-18
GS,156.720001,2010-10-19
GS,159.600006,2010-10-20
GS,159.300003,2010-10-21
GS,157.759995,2010-10-22
GS,157.389999,2010-10-25
GS,158.28999299999998,2010-10-26
GS,160.149994,2010-10-27
GS,163.240005,2010-10-28
GS,161.130005,2010-10-29
GS,161.570007,2010-11-01
GS,162.820007,2010-11-02
GS,162.630005,2010-11-03
GS,166.389999,2010-11-04
GS,171.070007,2010-11-05
GS,169.199997,2010-11-08
GS,166.550003,2010-11-09
GS,167.220001,2010-11-10
GS,167.71000700000002,2010-11-11
GS,165.830002,2010-11-12
GS,167.220001,2010-11-15
GS,165.100006,2010-11-16
GS,164.889999,2010-11-17
GS,167.350006,2010-11-18
GS,166.669998,2010-11-19
GS,161.050003,2010-11-22
GS,157.779999,2010-11-23
GS,160.259995,2010-11-24
GS,158.220001,2010-11-26
GS,159.279999,2010-11-29
GS,156.139999,2010-11-30
GS,158.449997,2010-12-01
GS,162.5,2010-12-02
GS,162.309998,2010-12-03
GS,162.649994,2010-12-06
GS,161.58999599999999,2010-12-07
GS,166.139999,2010-12-08
GS,166.449997,2010-12-09
GS,168.470001,2010-12-10
GS,169.479996,2010-12-13
GS,167.330002,2010-12-14
GS,165.21000700000002,2010-12-15
GS,164.46000700000002,2010-12-16
GS,164.03999299999998,2010-12-17
GS,166.050003,2010-12-20
GS,168.229996,2010-12-21
GS,169.600006,2010-12-22
GS,167.600006,2010-12-23
GS,169.830002,2010-12-27
GS,169.190002,2010-12-28
GS,167.630005,2010-12-29
GS,167.639999,2010-12-30
GS,168.16000400000001,2010-12-31
GS,173.050003,2011-01-03
GS,173.080002,2011-01-04
GS,174.0,2011-01-05
GS,172.21000700000002,2011-01-06
GS,170.690002,2011-01-07
GS,169.759995,2011-01-10
GS,169.360001,2011-01-11
GS,171.669998,2011-01-12
GS,171.570007,2011-01-13
GS,175.0,2011-01-14
GS,174.679993,2011-01-18
GS,166.490005,2011-01-19
GS,165.690002,2011-01-20
GS,166.199997,2011-01-21
GS,166.300003,2011-01-24
GS,161.979996,2011-01-25
GS,161.309998,2011-01-26
GS,164.029999,2011-01-27
GS,161.770004,2011-01-28
GS,163.619995,2011-01-31
GS,165.330002,2011-02-01
GS,165.050003,2011-02-02
GS,164.639999,2011-02-03
GS,164.830002,2011-02-04
GS,167.130005,2011-02-07
GS,168.550003,2011-02-08
GS,166.009995,2011-02-09
GS,165.33999599999999,2011-02-10
GS,166.66000400000001,2011-02-11
GS,167.520004,2011-02-14
GS,167.91000400000001,2011-02-15
GS,168.809998,2011-02-16
GS,167.16000400000001,2011-02-17
GS,168.03999299999998,2011-02-18
GS,162.940002,2011-02-22
GS,163.08999599999999,2011-02-23
GS,163.440002,2011-02-24
GS,165.119995,2011-02-25
GS,163.779999,2011-02-28
GS,161.309998,2011-03-01
GS,161.690002,2011-03-02
GS,164.490005,2011-03-03
GS,161.0,2011-03-04
GS,159.149994,2011-03-07
GS,161.300003,2011-03-08
GS,162.350006,2011-03-09
GS,160.270004,2011-03-10
GS,160.679993,2011-03-11
GS,158.429993,2011-03-14
GS,157.25,2011-03-15
GS,154.380005,2011-03-16
GS,155.75,2011-03-17
GS,159.96000700000002,2011-03-18
GS,160.21000700000002,2011-03-21
GS,160.78999299999998,2011-03-22
GS,159.529999,2011-03-23
GS,159.91000400000001,2011-03-24
GS,157.970001,2011-03-25
GS,156.470001,2011-03-28
GS,158.470001,2011-03-29
GS,159.070007,2011-03-30
GS,158.600006,2011-03-31
GS,160.229996,2011-04-01
GS,158.899994,2011-04-04
GS,158.91000400000001,2011-04-05
GS,161.889999,2011-04-06
GS,162.399994,2011-04-07
GS,160.96000700000002,2011-04-08
GS,161.470001,2011-04-11
GS,160.419998,2011-04-12
GS,160.169998,2011-04-13
GS,155.78999299999998,2011-04-14
GS,155.130005,2011-04-15
GS,153.779999,2011-04-18
GS,151.860001,2011-04-19
GS,152.699997,2011-04-20
GS,153.509995,2011-04-21
GS,152.190002,2011-04-25
GS,153.270004,2011-04-26
GS,152.860001,2011-04-27
GS,150.600006,2011-04-28
GS,151.009995,2011-04-29
GS,151.300003,2011-05-02
GS,151.869995,2011-05-03
GS,151.520004,2011-05-04
GS,150.41000400000001,2011-05-05
GS,150.100006,2011-05-06
GS,149.119995,2011-05-09
GS,150.399994,2011-05-10
GS,147.880005,2011-05-11
GS,142.75,2011-05-12
GS,141.46000700000002,2011-05-13
GS,140.600006,2011-05-16
GS,140.809998,2011-05-17
GS,140.83999599999999,2011-05-18
GS,139.33999599999999,2011-05-19
GS,134.990005,2011-05-20
GS,135.83999599999999,2011-05-23
GS,136.33999599999999,2011-05-24
GS,136.240005,2011-05-25
GS,136.259995,2011-05-26
GS,138.66000400000001,2011-05-27
GS,140.729996,2011-05-31
GS,136.169998,2011-06-01
GS,134.380005,2011-06-02
GS,135.330002,2011-06-03
GS,133.899994,2011-06-06
GS,132.990005,2011-06-07
GS,131.58999599999999,2011-06-08
GS,133.529999,2011-06-09
GS,135.919998,2011-06-10
GS,137.529999,2011-06-13
GS,137.100006,2011-06-14
GS,134.850006,2011-06-15
GS,136.08999599999999,2011-06-16
GS,137.229996,2011-06-17
GS,135.139999,2011-06-20
GS,135.96000700000002,2011-06-21
GS,134.520004,2011-06-22
GS,132.360001,2011-06-23
GS,130.91000400000001,2011-06-24
GS,130.71000700000002,2011-06-27
GS,129.259995,2011-06-28
GS,132.529999,2011-06-29
GS,133.08999599999999,2011-06-30
GS,136.649994,2011-07-01
GS,134.5,2011-07-05
GS,133.889999,2011-07-06
GS,135.009995,2011-07-07
GS,134.080002,2011-07-08
GS,132.020004,2011-07-11
GS,130.309998,2011-07-12
GS,129.919998,2011-07-13
GS,129.889999,2011-07-14
GS,130.16000400000001,2011-07-15
GS,129.330002,2011-07-18
GS,128.490005,2011-07-19
GS,132.75,2011-07-20
GS,135.580002,2011-07-21
GS,135.490005,2011-07-22
GS,136.850006,2011-07-25
GS,137.600006,2011-07-26
GS,134.720001,2011-07-27
GS,135.83999599999999,2011-07-28
GS,134.970001,2011-07-29
GS,134.149994,2011-08-01
GS,131.229996,2011-08-02
GS,132.080002,2011-08-03
GS,126.230003,2011-08-04
GS,125.18,2011-08-05
GS,117.660004,2011-08-08
GS,122.730003,2011-08-09
GS,110.339996,2011-08-10
GS,118.099998,2011-08-11
GS,116.470001,2011-08-12
GS,119.129997,2011-08-15
GS,116.870003,2011-08-16
GS,117.25,2011-08-17
GS,113.139999,2011-08-18
GS,111.760002,2011-08-19
GS,106.510002,2011-08-22
GS,106.860001,2011-08-23
GS,110.309998,2011-08-24
GS,109.839996,2011-08-25
GS,111.75,2011-08-26
GS,116.07,2011-08-29
GS,115.18,2011-08-30
GS,116.220001,2011-08-31
GS,112.160004,2011-09-01
GS,107.059998,2011-09-02
GS,104.559998,2011-09-06
GS,108.339996,2011-09-07
GS,104.790001,2011-09-08
GS,102.25,2011-09-09
GS,102.91999799999999,2011-09-12
GS,104.089996,2011-09-13
GS,104.540001,2011-09-14
GS,107.970001,2011-09-15
GS,107.489998,2011-09-16
GS,104.809998,2011-09-19
GS,102.610001,2011-09-20
GS,97.860001,2011-09-21
GS,93.980003,2011-09-22
GS,95.18,2011-09-23
GS,99.139999,2011-09-26
GS,99.550003,2011-09-27
GS,96.32,2011-09-28
GS,99.870003,2011-09-29
GS,94.550003,2011-09-30
GS,90.08000200000001,2011-10-03
GS,94.58000200000001,2011-10-04
GS,94.290001,2011-10-05
GS,97.93,2011-10-06
GS,92.690002,2011-10-07
GS,96.139999,2011-10-10
GS,96.699997,2011-10-11
GS,99.110001,2011-10-12
GS,96.150002,2011-10-13
GS,96.730003,2011-10-14
GS,96.900002,2011-10-17
GS,102.25,2011-10-18
GS,100.790001,2011-10-19
GS,100.860001,2011-10-20
GS,102.089996,2011-10-21
GS,103.980003,2011-10-24
GS,100.440002,2011-10-25
GS,106.33000200000001,2011-10-26
GS,116.400002,2011-10-27
GS,115.860001,2011-10-28
GS,109.550003,2011-10-31
GS,103.540001,2011-11-01
GS,106.129997,2011-11-02
GS,107.68,2011-11-03
GS,105.040001,2011-11-04
GS,105.57,2011-11-07
GS,108.58000200000001,2011-11-08
GS,99.66999799999999,2011-11-09
GS,99.5,2011-11-10
GS,101.660004,2011-11-11
GS,99.290001,2011-11-14
GS,99.75,2011-11-15
GS,95.599998,2011-11-16
GS,92.349998,2011-11-17
GS,91.910004,2011-11-18
GS,91.300003,2011-11-21
GS,89.400002,2011-11-22
GS,87.889999,2011-11-23
GS,88.75,2011-11-25
GS,90.779999,2011-11-28
GS,88.809998,2011-11-29
GS,95.860001,2011-11-30
GS,94.43,2011-12-01
GS,97.25,2011-12-02
GS,99.82,2011-12-05
GS,101.160004,2011-12-06
GS,105.129997,2011-12-07
GS,99.91999799999999,2011-12-08
GS,101.449997,2011-12-09
GS,98.029999,2011-12-12
GS,95.040001,2011-12-13
GS,93.25,2011-12-14
GS,91.900002,2011-12-15
GS,90.099998,2011-12-16
GS,87.699997,2011-12-19
GS,90.980003,2011-12-20
GS,92.0,2011-12-21
GS,94.41999799999999,2011-12-22
GS,93.790001,2011-12-23
GS,91.900002,2011-12-27
GS,90.120003,2011-12-28
GS,91.010002,2011-12-29
GS,90.43,2011-12-30
GS,95.360001,2012-01-03
GS,94.739998,2012-01-04
GS,94.58000200000001,2012-01-05
GS,93.41999799999999,2012-01-06
GS,94.690002,2012-01-09
GS,98.33000200000001,2012-01-10
GS,99.760002,2012-01-11
GS,101.209999,2012-01-12
GS,98.959999,2012-01-13
GS,97.68,2012-01-17
GS,104.309998,2012-01-18
GS,107.68,2012-01-19
GS,108.739998,2012-01-20
GS,108.190002,2012-01-23
GS,108.870003,2012-01-24
GS,108.269997,2012-01-25
GS,108.559998,2012-01-26
GS,111.769997,2012-01-27
GS,109.730003,2012-01-30
GS,111.470001,2012-01-31
GS,113.449997,2012-02-01
GS,113.389999,2012-02-02
GS,117.529999,2012-02-03
GS,117.389999,2012-02-06
GS,115.980003,2012-02-07
GS,116.150002,2012-02-08
GS,115.879997,2012-02-09
GS,114.120003,2012-02-10
GS,114.529999,2012-02-13
GS,112.870003,2012-02-14
GS,113.16999799999999,2012-02-15
GS,114.739998,2012-02-16
GS,115.910004,2012-02-17
GS,116.629997,2012-02-21
GS,114.360001,2012-02-22
GS,115.800003,2012-02-23
GS,115.870003,2012-02-24
GS,116.230003,2012-02-27
GS,117.110001,2012-02-28
GS,115.139999,2012-02-29
GS,121.129997,2012-03-01
GS,119.959999,2012-03-02
GS,118.629997,2012-03-05
GS,113.66999799999999,2012-03-06
GS,116.400002,2012-03-07
GS,117.16999799999999,2012-03-08
GS,117.290001,2012-03-09
GS,116.989998,2012-03-12
GS,124.540001,2012-03-13
GS,120.370003,2012-03-14
GS,123.059998,2012-03-15
GS,122.93,2012-03-16
GS,124.300003,2012-03-19
GS,126.019997,2012-03-20
GS,125.989998,2012-03-21
GS,124.739998,2012-03-22
GS,126.18,2012-03-23
GS,128.070007,2012-03-26
GS,126.33000200000001,2012-03-27
GS,126.360001,2012-03-28
GS,123.760002,2012-03-29
GS,124.370003,2012-03-30
GS,124.900002,2012-04-02
GS,122.709999,2012-04-03
GS,119.959999,2012-04-04
GS,118.0,2012-04-05
GS,117.019997,2012-04-09
GS,114.559998,2012-04-10
GS,115.93,2012-04-11
GS,120.389999,2012-04-12
GS,115.089996,2012-04-13
GS,117.730003,2012-04-16
GS,116.860001,2012-04-17
GS,115.33000200000001,2012-04-18
GS,113.599998,2012-04-19
GS,112.440002,2012-04-20
GS,111.75,2012-04-23
GS,114.110001,2012-04-24
GS,113.980003,2012-04-25
GS,114.559998,2012-04-26
GS,114.410004,2012-04-27
GS,115.150002,2012-04-30
GS,115.33000200000001,2012-05-01
GS,113.769997,2012-05-02
GS,111.529999,2012-05-03
GS,108.989998,2012-05-04
GS,110.040001,2012-05-07
GS,109.370003,2012-05-08
GS,107.290001,2012-05-09
GS,106.32,2012-05-10
GS,102.129997,2012-05-11
GS,99.769997,2012-05-14
GS,99.870003,2012-05-15
GS,98.199997,2012-05-16
GS,97.08000200000001,2012-05-17
GS,95.489998,2012-05-18
GS,96.510002,2012-05-21
GS,97.529999,2012-05-22
GS,98.040001,2012-05-23
GS,96.860001,2012-05-24
GS,96.699997,2012-05-25
GS,97.860001,2012-05-29
GS,94.610001,2012-05-30
GS,95.699997,2012-05-31
GS,92.639999,2012-06-01
GS,91.0,2012-06-04
GS,92.209999,2012-06-05
GS,94.959999,2012-06-06
GS,94.0,2012-06-07
GS,94.540001,2012-06-08
GS,92.800003,2012-06-11
GS,94.040001,2012-06-12
GS,92.720001,2012-06-13
GS,93.82,2012-06-14
GS,95.660004,2012-06-15
GS,93.629997,2012-06-18
GS,96.370003,2012-06-19
GS,96.550003,2012-06-20
GS,93.900002,2012-06-21
GS,93.629997,2012-06-22
GS,91.220001,2012-06-25
GS,91.029999,2012-06-26
GS,93.269997,2012-06-27
GS,93.489998,2012-06-28
GS,95.860001,2012-06-29
GS,97.129997,2012-07-02
GS,98.599998,2012-07-03
GS,95.91999799999999,2012-07-05
GS,95.470001,2012-07-06
GS,94.470001,2012-07-09
GS,94.25,2012-07-10
GS,95.129997,2012-07-11
GS,94.019997,2012-07-12
GS,97.43,2012-07-13
GS,97.68,2012-07-16
GS,97.980003,2012-07-17
GS,96.510002,2012-07-18
GS,95.0,2012-07-19
GS,94.160004,2012-07-20
GS,93.160004,2012-07-23
GS,94.470001,2012-07-24
GS,95.959999,2012-07-25
GS,98.059998,2012-07-26
GS,101.639999,2012-07-27
GS,100.879997,2012-07-30
GS,100.900002,2012-07-31
GS,100.089996,2012-08-01
GS,97.809998,2012-08-02
GS,100.980003,2012-08-03
GS,102.019997,2012-08-06
GS,103.239998,2012-08-07
GS,102.5,2012-08-08
GS,103.599998,2012-08-09
GS,103.019997,2012-08-10
GS,103.610001,2012-08-13
GS,103.260002,2012-08-14
GS,103.129997,2012-08-15
GS,103.489998,2012-08-16
GS,103.599998,2012-08-17
GS,105.279999,2012-08-20
GS,105.32,2012-08-21
GS,104.66999799999999,2012-08-22
GS,104.08000200000001,2012-08-23
GS,104.959999,2012-08-24
GS,105.120003,2012-08-27
GS,105.029999,2012-08-28
GS,105.529999,2012-08-29
GS,104.720001,2012-08-30
GS,105.720001,2012-08-31
GS,106.410004,2012-09-04
GS,109.940002,2012-09-05
GS,113.540001,2012-09-06
GS,116.33000200000001,2012-09-07
GS,114.68,2012-09-10
GS,116.690002,2012-09-11
GS,118.239998,2012-09-12
GS,120.66999799999999,2012-09-13
GS,121.360001,2012-09-14
GS,119.900002,2012-09-17
GS,119.879997,2012-09-18
GS,119.019997,2012-09-19
GS,117.629997,2012-09-20
GS,116.720001,2012-09-21
GS,116.599998,2012-09-24
GS,113.5,2012-09-25
GS,113.08000200000001,2012-09-26
GS,115.230003,2012-09-27
GS,113.68,2012-09-28
GS,116.860001,2012-10-01
GS,117.25,2012-10-02
GS,117.910004,2012-10-03
GS,119.900002,2012-10-04
GS,119.309998,2012-10-05
GS,119.459999,2012-10-08
GS,119.629997,2012-10-09
GS,120.08000200000001,2012-10-10
GS,121.989998,2012-10-11
GS,120.199997,2012-10-12
GS,124.5,2012-10-15
GS,123.220001,2012-10-16
GS,124.91999799999999,2012-10-17
GS,125.150002,2012-10-18
GS,123.620003,2012-10-19
GS,122.769997,2012-10-22
GS,119.0,2012-10-23
GS,119.769997,2012-10-24
GS,119.720001,2012-10-25
GS,119.440002,2012-10-26
GS,122.389999,2012-10-31
GS,124.849998,2012-11-01
GS,123.25,2012-11-02
GS,124.08000200000001,2012-11-05
GS,126.25,2012-11-06
GS,117.980003,2012-11-07
GS,115.269997,2012-11-08
GS,116.150002,2012-11-09
GS,117.239998,2012-11-12
GS,116.470001,2012-11-13
GS,114.239998,2012-11-14
GS,115.440002,2012-11-15
GS,115.839996,2012-11-16
GS,118.300003,2012-11-19
GS,118.089996,2012-11-20
GS,117.699997,2012-11-21
GS,120.309998,2012-11-23
GS,120.940002,2012-11-26
GS,118.410004,2012-11-27
GS,119.33000200000001,2012-11-28
GS,118.730003,2012-11-29
GS,117.790001,2012-11-30
GS,118.400002,2012-12-03
GS,116.58000200000001,2012-12-04
GS,117.129997,2012-12-05
GS,117.199997,2012-12-06
GS,116.57,2012-12-07
GS,117.010002,2012-12-10
GS,118.860001,2012-12-11
GS,118.089996,2012-12-12
GS,118.5,2012-12-13
GS,119.360001,2012-12-14
GS,123.489998,2012-12-17
GS,127.769997,2012-12-18
GS,127.25,2012-12-19
GS,129.720001,2012-12-20
GS,128.440002,2012-12-21
GS,127.540001,2012-12-24
GS,127.160004,2012-12-26
GS,126.66999799999999,2012-12-27
GS,125.519997,2012-12-28
GS,127.559998,2012-12-31
GS,131.66000400000001,2013-01-02
GS,130.940002,2013-01-03
GS,134.509995,2013-01-04
GS,134.259995,2013-01-07
GS,133.050003,2013-01-08
GS,134.320007,2013-01-09
GS,137.369995,2013-01-10
GS,137.130005,2013-01-11
GS,136.130005,2013-01-14
GS,135.58999599999999,2013-01-15
GS,141.08999599999999,2013-01-16
GS,141.009995,2013-01-17
GS,144.449997,2013-01-18
GS,145.949997,2013-01-22
GS,145.559998,2013-01-23
GS,144.96000700000002,2013-01-24
GS,144.46000700000002,2013-01-25
GS,144.149994,2013-01-28
GS,147.100006,2013-01-29
GS,147.149994,2013-01-30
GS,147.860001,2013-01-31
GS,149.899994,2013-02-01
GS,147.520004,2013-02-04
GS,150.449997,2013-02-05
GS,151.119995,2013-02-06
GS,150.259995,2013-02-07
GS,151.600006,2013-02-08
GS,152.240005,2013-02-11
GS,154.110001,2013-02-12
GS,154.520004,2013-02-13
GS,155.929993,2013-02-14
GS,154.990005,2013-02-15
GS,158.649994,2013-02-19
GS,155.179993,2013-02-20
GS,150.880005,2013-02-21
GS,154.08999599999999,2013-02-22
GS,147.649994,2013-02-25
GS,148.0,2013-02-26
GS,151.649994,2013-02-27
GS,149.759995,2013-02-28
GS,150.529999,2013-03-01
GS,152.179993,2013-03-04
GS,152.96000700000002,2013-03-05
GS,154.130005,2013-03-06
GS,156.619995,2013-03-07
GS,152.979996,2013-03-08
GS,153.300003,2013-03-11
GS,151.850006,2013-03-12
GS,151.91000400000001,2013-03-13
GS,154.020004,2013-03-14
GS,154.83999599999999,2013-03-15
GS,151.949997,2013-03-18
GS,148.83999599999999,2013-03-19
GS,150.130005,2013-03-20
GS,145.380005,2013-03-21
GS,146.600006,2013-03-22
GS,146.110001,2013-03-25
GS,146.53999299999998,2013-03-26
GS,147.83999599999999,2013-03-27
GS,147.149994,2013-03-28
GS,146.03999299999998,2013-04-01
GS,146.679993,2013-04-02
GS,143.41000400000001,2013-04-03
GS,142.990005,2013-04-04
GS,143.690002,2013-04-05
GS,143.820007,2013-04-08
GS,146.520004,2013-04-09
GS,149.46000700000002,2013-04-10
GS,149.070007,2013-04-11
GS,149.119995,2013-04-12
GS,146.46000700000002,2013-04-15
GS,144.100006,2013-04-16
GS,140.600006,2013-04-17
GS,138.600006,2013-04-18
GS,138.720001,2013-04-19
GS,139.520004,2013-04-22
GS,142.940002,2013-04-23
GS,143.929993,2013-04-24
GS,144.759995,2013-04-25
GS,144.110001,2013-04-26
GS,145.110001,2013-04-29
GS,146.070007,2013-04-30
GS,142.610001,2013-05-01
GS,143.669998,2013-05-02
GS,145.369995,2013-05-03
GS,148.449997,2013-05-06
GS,149.320007,2013-05-07
GS,150.259995,2013-05-08
GS,148.53999299999998,2013-05-09
GS,149.100006,2013-05-10
GS,149.630005,2013-05-13
GS,154.520004,2013-05-14
GS,155.610001,2013-05-15
GS,154.470001,2013-05-16
GS,158.179993,2013-05-17
GS,158.899994,2013-05-20
GS,160.729996,2013-05-21
GS,159.33999599999999,2013-05-22
GS,157.41000400000001,2013-05-23
GS,158.720001,2013-05-24
GS,160.699997,2013-05-28
GS,162.869995,2013-05-29
GS,164.350006,2013-05-30
GS,162.080002,2013-05-31
GS,163.559998,2013-06-03
GS,161.679993,2013-06-04
GS,158.300003,2013-06-05
GS,159.679993,2013-06-06
GS,166.009995,2013-06-07
GS,167.490005,2013-06-10
GS,163.309998,2013-06-11
GS,161.860001,2013-06-12
GS,165.820007,2013-06-13
GS,162.919998,2013-06-14
GS,164.110001,2013-06-17
GS,164.149994,2013-06-18
GS,161.559998,2013-06-19
GS,155.41000400000001,2013-06-20
GS,154.25,2013-06-21
GS,150.779999,2013-06-24
GS,153.059998,2013-06-25
GS,151.66000400000001,2013-06-26
GS,153.509995,2013-06-27
GS,151.25,2013-06-28
GS,151.75,2013-07-01
GS,150.919998,2013-07-02
GS,150.429993,2013-07-03
GS,153.240005,2013-07-05
GS,153.809998,2013-07-08
GS,156.940002,2013-07-09
GS,155.830002,2013-07-10
GS,157.71000700000002,2013-07-11
GS,160.110001,2013-07-12
GS,163.0,2013-07-15
GS,160.240005,2013-07-16
GS,161.5,2013-07-17
GS,164.059998,2013-07-18
GS,164.360001,2013-07-19
GS,166.25,2013-07-22
GS,166.259995,2013-07-23
GS,165.03999299999998,2013-07-24
GS,165.91000400000001,2013-07-25
GS,165.259995,2013-07-26
GS,163.169998,2013-07-29
GS,162.429993,2013-07-30
GS,164.029999,2013-07-31
GS,167.490005,2013-08-01
GS,167.619995,2013-08-02
GS,168.320007,2013-08-05
GS,164.779999,2013-08-06
GS,163.449997,2013-08-07
GS,162.83999599999999,2013-08-08
GS,162.130005,2013-08-09
GS,161.690002,2013-08-12
GS,163.71000700000002,2013-08-13
GS,163.33999599999999,2013-08-14
GS,160.75,2013-08-15
GS,160.66000400000001,2013-08-16
GS,158.630005,2013-08-19
GS,159.559998,2013-08-20
GS,157.110001,2013-08-21
GS,159.41000400000001,2013-08-22
GS,158.649994,2013-08-23
GS,157.899994,2013-08-26
GS,153.229996,2013-08-27
GS,152.970001,2013-08-28
GS,153.630005,2013-08-29
GS,152.130005,2013-08-30
GS,154.759995,2013-09-03
GS,155.740005,2013-09-04
GS,156.169998,2013-09-05
GS,156.66000400000001,2013-09-06
GS,159.490005,2013-09-09
GS,165.139999,2013-09-10
GS,165.059998,2013-09-11
GS,163.350006,2013-09-12
GS,164.0,2013-09-13
GS,167.029999,2013-09-16
GS,167.419998,2013-09-17
GS,168.059998,2013-09-18
GS,167.779999,2013-09-19
GS,169.75,2013-09-20
GS,165.25,2013-09-23
GS,162.970001,2013-09-24
GS,162.309998,2013-09-25
GS,162.28999299999998,2013-09-26
GS,159.850006,2013-09-27
GS,158.21000700000002,2013-09-30
GS,159.0,2013-10-01
GS,158.669998,2013-10-02
GS,156.850006,2013-10-03
GS,156.550003,2013-10-04
GS,154.25,2013-10-07
GS,153.050003,2013-10-08
GS,154.440002,2013-10-09
GS,158.009995,2013-10-10
GS,160.0,2013-10-11
GS,159.46000700000002,2013-10-14
GS,157.630005,2013-10-15
GS,162.25,2013-10-16
GS,158.320007,2013-10-17
GS,158.690002,2013-10-18
GS,159.770004,2013-10-21
GS,159.25,2013-10-22
GS,157.740005,2013-10-23
GS,159.96000700000002,2013-10-24
GS,162.08999599999999,2013-10-25
GS,161.449997,2013-10-28
GS,162.110001,2013-10-29
GS,162.050003,2013-10-30
GS,160.860001,2013-10-31
GS,162.050003,2013-11-01
GS,163.16000400000001,2013-11-04
GS,161.949997,2013-11-05
GS,163.520004,2013-11-06
GS,159.639999,2013-11-07
GS,163.169998,2013-11-08
GS,163.83999599999999,2013-11-11
GS,162.889999,2013-11-12
GS,162.940002,2013-11-13
GS,163.199997,2013-11-14
GS,164.399994,2013-11-15
GS,165.679993,2013-11-18
GS,166.600006,2013-11-19
GS,165.0,2013-11-20
GS,167.070007,2013-11-21
GS,168.100006,2013-11-22
GS,169.479996,2013-11-25
GS,168.03999299999998,2013-11-26
GS,168.220001,2013-11-27
GS,168.940002,2013-11-29
GS,169.720001,2013-12-02
GS,168.050003,2013-12-03
GS,168.699997,2013-12-04
GS,165.559998,2013-12-05
GS,167.21000700000002,2013-12-06
GS,167.669998,2013-12-09
GS,169.729996,2013-12-10
GS,167.600006,2013-12-11
GS,168.330002,2013-12-12
GS,168.389999,2013-12-13
GS,170.949997,2013-12-16
GS,170.490005,2013-12-17
GS,174.83999599999999,2013-12-18
GS,174.770004,2013-12-19
GS,175.16000400000001,2013-12-20
GS,176.470001,2013-12-23
GS,176.16000400000001,2013-12-24
GS,176.449997,2013-12-26
GS,176.350006,2013-12-27
GS,175.729996,2013-12-30
GS,177.259995,2013-12-31
GS,176.889999,2014-01-02
GS,178.149994,2014-01-03
GS,179.369995,2014-01-06
GS,178.28999299999998,2014-01-07
GS,178.440002,2014-01-08
GS,177.399994,2014-01-09
GS,178.389999,2014-01-10
GS,175.880005,2014-01-13
GS,176.600006,2014-01-14
GS,178.75,2014-01-15
GS,175.169998,2014-01-16
GS,176.279999,2014-01-17
GS,173.199997,2014-01-21
GS,173.679993,2014-01-22
GS,170.75,2014-01-23
GS,167.639999,2014-01-24
GS,164.690002,2014-01-27
GS,166.25,2014-01-28
GS,163.899994,2014-01-29
GS,165.83999599999999,2014-01-30
GS,164.119995,2014-01-31
GS,159.820007,2014-02-03
GS,161.759995,2014-02-04
GS,160.419998,2014-02-05
GS,161.75,2014-02-06
GS,161.929993,2014-02-07
GS,161.0,2014-02-10
GS,164.389999,2014-02-11
GS,163.5,2014-02-12
GS,164.059998,2014-02-13
GS,163.720001,2014-02-14
GS,164.649994,2014-02-18
GS,163.259995,2014-02-19
GS,164.5,2014-02-20
GS,164.5,2014-02-21
GS,166.53999299999998,2014-02-24
GS,163.479996,2014-02-25
GS,162.800003,2014-02-26
GS,165.380005,2014-02-27
GS,166.449997,2014-02-28
GS,164.740005,2014-03-03
GS,168.729996,2014-03-04
GS,171.899994,2014-03-05
GS,172.600006,2014-03-06
GS,174.259995,2014-03-07
GS,173.509995,2014-03-10
GS,169.889999,2014-03-11
GS,169.720001,2014-03-12
GS,166.699997,2014-03-13
GS,165.350006,2014-03-14
GS,166.83999599999999,2014-03-17
GS,168.08999599999999,2014-03-18
GS,168.179993,2014-03-19
GS,169.220001,2014-03-20
GS,166.949997,2014-03-21
GS,165.720001,2014-03-24
GS,163.25,2014-03-25
GS,161.729996,2014-03-26
GS,162.28999299999998,2014-03-27
GS,162.300003,2014-03-28
GS,163.850006,2014-03-31
GS,165.919998,2014-04-01
GS,167.270004,2014-04-02
GS,166.08999599999999,2014-04-03
GS,163.240005,2014-04-04
GS,158.559998,2014-04-07
GS,156.559998,2014-04-08
GS,158.16000400000001,2014-04-09
GS,155.979996,2014-04-10
GS,152.720001,2014-04-11
GS,154.740005,2014-04-14
GS,154.919998,2014-04-15
GS,157.220001,2014-04-16
GS,157.440002,2014-04-17
GS,157.800003,2014-04-21
GS,160.46000700000002,2014-04-22
GS,160.449997,2014-04-23
GS,160.850006,2014-04-24
GS,158.240005,2014-04-25
GS,156.53999299999998,2014-04-28
GS,158.240005,2014-04-29
GS,159.820007,2014-04-30
GS,160.369995,2014-05-01
GS,158.880005,2014-05-02
GS,156.350006,2014-05-05
GS,154.53999299999998,2014-05-06
GS,155.520004,2014-05-07
GS,157.399994,2014-05-08
GS,157.199997,2014-05-09
GS,159.550003,2014-05-12
GS,160.279999,2014-05-13
GS,159.449997,2014-05-14
GS,156.639999,2014-05-15
GS,156.429993,2014-05-16
GS,157.669998,2014-05-19
GS,156.350006,2014-05-20
GS,159.350006,2014-05-21
GS,159.850006,2014-05-22
GS,160.16000400000001,2014-05-23
GS,161.770004,2014-05-27
GS,161.190002,2014-05-28
GS,160.740005,2014-05-29
GS,159.809998,2014-05-30
GS,160.029999,2014-06-02
GS,161.800003,2014-06-03
GS,162.389999,2014-06-04
GS,162.580002,2014-06-05
GS,166.190002,2014-06-06
GS,166.0,2014-06-09
GS,166.360001,2014-06-10
GS,165.429993,2014-06-11
GS,165.96000700000002,2014-06-12
GS,165.889999,2014-06-13
GS,165.850006,2014-06-16
GS,168.220001,2014-06-17
GS,169.860001,2014-06-18
GS,169.729996,2014-06-19
GS,169.83999599999999,2014-06-20
GS,170.240005,2014-06-23
GS,168.229996,2014-06-24
GS,168.380005,2014-06-25
GS,168.009995,2014-06-26
GS,166.779999,2014-06-27
GS,167.440002,2014-06-30
GS,166.809998,2014-07-01
GS,166.889999,2014-07-02
GS,169.46000700000002,2014-07-03
GS,167.779999,2014-07-07
GS,164.91000400000001,2014-07-08
GS,164.669998,2014-07-09
GS,163.419998,2014-07-10
GS,164.800003,2014-07-11
GS,167.0,2014-07-14
GS,169.169998,2014-07-15
GS,170.470001,2014-07-16
GS,170.139999,2014-07-17
GS,171.470001,2014-07-18
GS,171.720001,2014-07-21
GS,175.020004,2014-07-22
GS,176.820007,2014-07-23
GS,176.259995,2014-07-24
GS,175.399994,2014-07-25
GS,175.949997,2014-07-28
GS,175.53999299999998,2014-07-29
GS,175.759995,2014-07-30
GS,172.869995,2014-07-31
GS,170.25,2014-08-01
GS,171.690002,2014-08-04
GS,169.419998,2014-08-05
GS,169.740005,2014-08-06
GS,169.100006,2014-08-07
GS,172.259995,2014-08-08
GS,172.46000700000002,2014-08-11
GS,172.330002,2014-08-12
GS,172.369995,2014-08-13
GS,172.729996,2014-08-14
GS,171.899994,2014-08-15
GS,174.550003,2014-08-18
GS,173.96000700000002,2014-08-19
GS,174.029999,2014-08-20
GS,175.149994,2014-08-21
GS,175.470001,2014-08-22
GS,177.869995,2014-08-25
GS,177.899994,2014-08-26
GS,177.809998,2014-08-27
GS,177.649994,2014-08-28
GS,179.110001,2014-08-29
GS,179.770004,2014-09-02
GS,179.600006,2014-09-03
GS,180.080002,2014-09-04
GS,179.75,2014-09-05
GS,180.110001,2014-09-08
GS,177.399994,2014-09-09
GS,179.869995,2014-09-10
GS,181.0,2014-09-11
GS,183.169998,2014-09-12
GS,183.979996,2014-09-15
GS,184.03999299999998,2014-09-16
GS,184.820007,2014-09-17
GS,187.889999,2014-09-18
GS,186.199997,2014-09-19
GS,185.28999299999998,2014-09-22
GS,185.08999599999999,2014-09-23
GS,187.809998,2014-09-24
GS,184.08999599999999,2014-09-25
GS,185.119995,2014-09-26
GS,183.830002,2014-09-29
GS,183.570007,2014-09-30
GS,180.699997,2014-10-01
GS,182.880005,2014-10-02
GS,188.070007,2014-10-03
GS,187.479996,2014-10-06
GS,183.800003,2014-10-07
GS,186.639999,2014-10-08
GS,181.270004,2014-10-09
GS,180.380005,2014-10-10
GS,178.770004,2014-10-13
GS,178.699997,2014-10-14
GS,177.240005,2014-10-15
GS,172.580002,2014-10-16
GS,176.91000400000001,2014-10-17
GS,177.83999599999999,2014-10-20
GS,180.179993,2014-10-21
GS,176.830002,2014-10-22
GS,180.059998,2014-10-23
GS,183.350006,2014-10-24
GS,183.91000400000001,2014-10-27
GS,186.320007,2014-10-28
GS,186.080002,2014-10-29
GS,186.970001,2014-10-30
GS,189.990005,2014-10-31
GS,190.830002,2014-11-03
GS,190.270004,2014-11-04
GS,189.83999599999999,2014-11-05
GS,191.0,2014-11-06
GS,190.71000700000002,2014-11-07
GS,191.800003,2014-11-10
GS,191.880005,2014-11-11
GS,190.179993,2014-11-12
GS,190.240005,2014-11-13
GS,189.979996,2014-11-14
GS,189.929993,2014-11-17
GS,189.639999,2014-11-18
GS,189.190002,2014-11-19
GS,189.75,2014-11-20
GS,189.58999599999999,2014-11-21
GS,190.070007,2014-11-24
GS,188.860001,2014-11-25
GS,188.520004,2014-11-26
GS,188.41000400000001,2014-11-28
GS,188.199997,2014-12-01
GS,190.190002,2014-12-02
GS,190.949997,2014-12-03
GS,191.949997,2014-12-04
GS,195.449997,2014-12-05
GS,196.619995,2014-12-08
GS,196.889999,2014-12-09
GS,192.0,2014-12-10
GS,193.53999299999998,2014-12-11
GS,188.820007,2014-12-12
GS,185.53999299999998,2014-12-15
GS,183.309998,2014-12-16
GS,185.029999,2014-12-17
GS,191.610001,2014-12-18
GS,193.279999,2014-12-19
GS,194.440002,2014-12-22
GS,195.5,2014-12-23
GS,195.889999,2014-12-24
GS,195.449997,2014-12-26
GS,196.190002,2014-12-29
GS,195.71000700000002,2014-12-30
GS,193.830002,2014-12-31
GS,194.41000400000001,2015-01-02
GS,188.33999599999999,2015-01-05
GS,184.529999,2015-01-06
GS,187.279999,2015-01-07
GS,190.270004,2015-01-08
GS,187.350006,2015-01-09
GS,185.070007,2015-01-12
GS,184.929993,2015-01-13
GS,180.229996,2015-01-14
GS,178.490005,2015-01-15
GS,177.229996,2015-01-16
GS,175.630005,2015-01-20
GS,177.149994,2015-01-21
GS,182.03999299999998,2015-01-22
GS,180.490005,2015-01-23
GS,180.419998,2015-01-26
GS,176.490005,2015-01-27
GS,173.050003,2015-01-28
GS,175.990005,2015-01-29
GS,172.41000400000001,2015-01-30
GS,175.490005,2015-02-02
GS,180.240005,2015-02-03
GS,178.779999,2015-02-04
GS,180.770004,2015-02-05
GS,183.429993,2015-02-06
GS,182.220001,2015-02-09
GS,184.559998,2015-02-10
GS,187.649994,2015-02-11
GS,189.779999,2015-02-12
GS,189.0,2015-02-13
GS,190.020004,2015-02-17
GS,188.669998,2015-02-18
GS,189.110001,2015-02-19
GS,191.509995,2015-02-20
GS,190.309998,2015-02-23
GS,192.220001,2015-02-24
GS,191.720001,2015-02-25
GS,192.199997,2015-02-26
GS,189.78999299999998,2015-02-27
GS,191.78999299999998,2015-03-02
GS,191.270004,2015-03-03
GS,189.669998,2015-03-04
GS,190.080002,2015-03-05
GS,186.91000400000001,2015-03-06
GS,187.929993,2015-03-09
GS,182.71000700000002,2015-03-10
GS,184.179993,2015-03-11
GS,189.949997,2015-03-12
GS,189.33999599999999,2015-03-13
GS,191.899994,2015-03-16
GS,190.570007,2015-03-17
GS,192.320007,2015-03-18
GS,189.970001,2015-03-19
GS,193.130005,2015-03-20
GS,191.96000700000002,2015-03-23
GS,191.279999,2015-03-24
GS,187.350006,2015-03-25
GS,187.240005,2015-03-26
GS,188.059998,2015-03-27
GS,191.020004,2015-03-30
GS,187.970001,2015-03-31
GS,192.229996,2015-04-01
GS,191.550003,2015-04-02
GS,192.050003,2015-04-06
GS,192.389999,2015-04-07
GS,192.559998,2015-04-08
GS,194.889999,2015-04-09
GS,195.639999,2015-04-10
GS,195.580002,2015-04-13
GS,197.720001,2015-04-14
GS,201.100006,2015-04-15
GS,200.21000700000002,2015-04-16
GS,197.350006,2015-04-17
GS,198.100006,2015-04-20
GS,196.83999599999999,2015-04-21
GS,198.320007,2015-04-22
GS,199.309998,2015-04-23
GS,197.990005,2015-04-24
GS,196.520004,2015-04-27
GS,197.490005,2015-04-28
GS,198.559998,2015-04-29
GS,196.419998,2015-04-30
GS,197.529999,2015-05-01
GS,199.300003,2015-05-04
GS,197.28999299999998,2015-05-05
GS,196.25,2015-05-06
GS,197.389999,2015-05-07
GS,200.5,2015-05-08
GS,201.729996,2015-05-11
GS,200.529999,2015-05-12
GS,201.429993,2015-05-13
GS,202.619995,2015-05-14
GS,202.970001,2015-05-15
GS,204.66000400000001,2015-05-18
GS,205.399994,2015-05-19
GS,205.080002,2015-05-20
GS,204.949997,2015-05-21
GS,207.800003,2015-05-22
GS,206.380005,2015-05-26
GS,209.059998,2015-05-27
GS,208.479996,2015-05-28
GS,206.190002,2015-05-29
GS,207.809998,2015-06-01
GS,206.429993,2015-06-02
GS,208.28999299999998,2015-06-03
GS,208.869995,2015-06-04
GS,210.44999700000002,2015-06-05
GS,209.789993,2015-06-08
GS,209.020004,2015-06-09
GS,213.13000499999998,2015-06-10
GS,213.940002,2015-06-11
GS,213.059998,2015-06-12
GS,211.75999500000003,2015-06-15
GS,213.559998,2015-06-16
GS,212.92999300000002,2015-06-17
GS,214.600006,2015-06-18
GS,213.190002,2015-06-19
GS,216.50999500000003,2015-06-22
GS,218.399994,2015-06-23
GS,214.42999300000002,2015-06-24
GS,212.82000699999998,2015-06-25
GS,213.169998,2015-06-26
GS,207.649994,2015-06-29
GS,208.78999299999998,2015-06-30
GS,209.940002,2015-07-01
GS,209.199997,2015-07-02
GS,208.03999299999998,2015-07-06
GS,208.21000700000002,2015-07-07
GS,204.059998,2015-07-08
GS,204.809998,2015-07-09
GS,207.190002,2015-07-10
GS,210.11999500000002,2015-07-13
GS,212.16000400000001,2015-07-14
GS,212.960007,2015-07-15
GS,211.17999300000002,2015-07-16
GS,212.460007,2015-07-17
GS,212.38999900000002,2015-07-20
GS,211.5,2015-07-21
GS,213.25,2015-07-22
GS,211.05000299999998,2015-07-23
GS,207.350006,2015-07-24
GS,205.020004,2015-07-27
GS,206.240005,2015-07-28
GS,206.83999599999999,2015-07-29
GS,207.199997,2015-07-30
GS,205.070007,2015-07-31
GS,204.690002,2015-08-03
GS,205.169998,2015-08-04
GS,205.699997,2015-08-05
GS,205.08999599999999,2015-08-06
GS,203.440002,2015-08-07
GS,205.970001,2015-08-10
GS,201.699997,2015-08-11
GS,201.130005,2015-08-12
GS,200.740005,2015-08-13
GS,202.020004,2015-08-14
GS,202.570007,2015-08-17
GS,201.179993,2015-08-18
GS,200.949997,2015-08-19
GS,196.75,2015-08-20
GS,187.740005,2015-08-21
GS,179.46000700000002,2015-08-24
GS,178.220001,2015-08-25
GS,184.399994,2015-08-26
GS,189.21000700000002,2015-08-27
GS,187.75,2015-08-28
GS,188.600006,2015-08-31
GS,182.119995,2015-09-01
GS,184.509995,2015-09-02
GS,185.059998,2015-09-03
GS,180.380005,2015-09-04
GS,185.880005,2015-09-08
GS,185.679993,2015-09-09
GS,185.91000400000001,2015-09-10
GS,185.270004,2015-09-11
GS,183.940002,2015-09-14
GS,187.449997,2015-09-15
GS,188.639999,2015-09-16
GS,186.449997,2015-09-17
GS,180.940002,2015-09-18
GS,183.350006,2015-09-21
GS,179.720001,2015-09-22
GS,179.41000400000001,2015-09-23
GS,176.91000400000001,2015-09-24
GS,179.830002,2015-09-25
GS,173.020004,2015-09-28
GS,171.860001,2015-09-29
GS,173.759995,2015-09-30
GS,176.020004,2015-10-01
GS,177.009995,2015-10-02
GS,180.699997,2015-10-05
GS,180.320007,2015-10-06
GS,182.229996,2015-10-07
GS,181.070007,2015-10-08
GS,179.190002,2015-10-09
GS,180.229996,2015-10-12
GS,180.970001,2015-10-13
GS,179.509995,2015-10-14
GS,184.96000700000002,2015-10-15
GS,185.179993,2015-10-16
GS,185.740005,2015-10-19
GS,185.509995,2015-10-20
GS,179.699997,2015-10-21
GS,183.559998,2015-10-22
GS,185.5,2015-10-23
GS,187.009995,2015-10-26
GS,186.309998,2015-10-27
GS,191.320007,2015-10-28
GS,189.889999,2015-10-29
GS,187.5,2015-10-30
GS,189.679993,2015-11-02
GS,190.690002,2015-11-03
GS,191.649994,2015-11-04
GS,192.020004,2015-11-05
GS,199.169998,2015-11-06
GS,196.759995,2015-11-09
GS,197.809998,2015-11-10
GS,197.389999,2015-11-11
GS,192.770004,2015-11-12
GS,190.389999,2015-11-13
GS,192.16000400000001,2015-11-16
GS,190.570007,2015-11-17
GS,193.66000400000001,2015-11-18
GS,193.029999,2015-11-19
GS,191.470001,2015-11-20
GS,189.190002,2015-11-23
GS,188.669998,2015-11-24
GS,189.149994,2015-11-25
GS,190.470001,2015-11-27
GS,190.020004,2015-11-30
GS,193.070007,2015-12-01
GS,190.259995,2015-12-02
GS,185.199997,2015-12-03
GS,189.990005,2015-12-04
GS,185.490005,2015-12-07
GS,182.919998,2015-12-08
GS,180.71000700000002,2015-12-09
GS,182.110001,2015-12-10
GS,176.559998,2015-12-11
GS,176.399994,2015-12-14
GS,182.009995,2015-12-15
GS,186.21000700000002,2015-12-16
GS,182.610001,2015-12-17
GS,175.490005,2015-12-18
GS,177.75,2015-12-21
GS,180.050003,2015-12-22
GS,182.949997,2015-12-23
GS,182.470001,2015-12-24
GS,181.619995,2015-12-28
GS,183.529999,2015-12-29
GS,182.009995,2015-12-30
GS,180.229996,2015-12-31
GS,177.139999,2016-01-04
GS,174.08999599999999,2016-01-05
GS,169.83999599999999,2016-01-06
GS,164.619995,2016-01-07
GS,163.940002,2016-01-08
GS,165.729996,2016-01-11
GS,165.71000700000002,2016-01-12
GS,158.990005,2016-01-13
GS,161.389999,2016-01-14
GS,155.610001,2016-01-15
GS,156.820007,2016-01-19
GS,153.75,2016-01-20
GS,151.649994,2016-01-21
GS,156.860001,2016-01-22
GS,151.119995,2016-01-25
GS,154.449997,2016-01-26
GS,153.720001,2016-01-27
GS,157.059998,2016-01-28
GS,161.559998,2016-01-29
GS,159.649994,2016-02-01
GS,151.699997,2016-02-02
GS,152.679993,2016-02-03
GS,156.490005,2016-02-04
GS,156.470001,2016-02-05
GS,149.25,2016-02-08
GS,148.25,2016-02-09
GS,147.229996,2016-02-10
GS,140.690002,2016-02-11
GS,146.130005,2016-02-12
GS,149.020004,2016-02-16
GS,150.940002,2016-02-17
GS,147.729996,2016-02-18
GS,146.91000400000001,2016-02-19
GS,148.78999299999998,2016-02-22
GS,144.91000400000001,2016-02-23
GS,145.559998,2016-02-24
GS,148.25,2016-02-25
GS,150.25,2016-02-26
GS,149.529999,2016-02-29
GS,154.649994,2016-03-01
GS,154.199997,2016-03-02
GS,155.330002,2016-03-03
GS,156.83999599999999,2016-03-04
GS,155.350006,2016-03-07
GS,151.600006,2016-03-08
GS,149.91000400000001,2016-03-09
GS,151.020004,2016-03-10
GS,153.940002,2016-03-11
GS,153.490005,2016-03-14
GS,152.029999,2016-03-15
GS,150.53999299999998,2016-03-16
GS,152.91000400000001,2016-03-17
GS,157.600006,2016-03-18
GS,156.28999299999998,2016-03-21
GS,154.199997,2016-03-22
GS,154.080002,2016-03-23
GS,153.0,2016-03-24
GS,153.83999599999999,2016-03-28
GS,155.029999,2016-03-29
GS,156.5,2016-03-30
GS,156.979996,2016-03-31
GS,159.820007,2016-04-01
GS,157.770004,2016-04-04
GS,155.350006,2016-04-05
GS,155.190002,2016-04-06
GS,150.41000400000001,2016-04-07
GS,150.279999,2016-04-08
GS,152.199997,2016-04-11
GS,154.309998,2016-04-12
GS,159.850006,2016-04-13
GS,160.91000400000001,2016-04-14
GS,158.520004,2016-04-15
GS,159.020004,2016-04-18
GS,162.649994,2016-04-19
GS,166.979996,2016-04-20
GS,165.320007,2016-04-21
GS,166.75,2016-04-22
GS,165.08999599999999,2016-04-25
GS,165.83999599999999,2016-04-26
GS,166.919998,2016-04-27
GS,164.28999299999998,2016-04-28
GS,164.110001,2016-04-29
GS,166.179993,2016-05-02
GS,163.139999,2016-05-03
GS,160.070007,2016-05-04
GS,159.529999,2016-05-05
GS,158.850006,2016-05-06
GS,157.509995,2016-05-09
GS,161.419998,2016-05-10
GS,159.419998,2016-05-11
GS,158.070007,2016-05-12
GS,155.33999599999999,2016-05-13
GS,155.380005,2016-05-16
GS,154.649994,2016-05-17
GS,159.940002,2016-05-18
GS,154.699997,2016-05-19
GS,154.509995,2016-05-20
GS,155.449997,2016-05-23
GS,157.58999599999999,2016-05-24
GS,161.25,2016-05-25
GS,159.220001,2016-05-26
GS,159.529999,2016-05-27
GS,159.479996,2016-05-31
GS,159.970001,2016-06-01
GS,159.279999,2016-06-02
GS,155.669998,2016-06-03
GS,157.059998,2016-06-06
GS,155.169998,2016-06-07
GS,154.639999,2016-06-08
GS,153.169998,2016-06-09
GS,149.889999,2016-06-10
GS,148.630005,2016-06-13
GS,146.190002,2016-06-14
GS,146.16000400000001,2016-06-15
GS,146.630005,2016-06-16
GS,145.639999,2016-06-17
GS,147.75,2016-06-20
GS,148.350006,2016-06-21
GS,148.139999,2016-06-22
GS,152.66000400000001,2016-06-23
GS,141.860001,2016-06-24
GS,139.509995,2016-06-27
GS,142.41000400000001,2016-06-28
GS,145.5,2016-06-29
GS,148.580002,2016-06-30
GS,148.25,2016-07-01
GS,144.449997,2016-07-05
GS,145.580002,2016-07-06
GS,147.0,2016-07-07
GS,150.380005,2016-07-08
GS,152.190002,2016-07-11
GS,156.919998,2016-07-12
GS,157.919998,2016-07-13
GS,162.53999299999998,2016-07-14
GS,161.639999,2016-07-15
GS,163.330002,2016-07-18
GS,161.41000400000001,2016-07-19
GS,161.770004,2016-07-20
GS,160.050003,2016-07-21
GS,160.41000400000001,2016-07-22
GS,160.509995,2016-07-25
GS,161.16000400000001,2016-07-26
GS,160.990005,2016-07-27
GS,160.529999,2016-07-28
GS,158.809998,2016-07-29
GS,158.179993,2016-08-01
GS,156.059998,2016-08-02
GS,158.33999599999999,2016-08-03
GS,158.050003,2016-08-04
GS,162.08999599999999,2016-08-05
GS,162.830002,2016-08-08
GS,163.440002,2016-08-09
GS,162.190002,2016-08-10
GS,163.860001,2016-08-11
GS,163.25,2016-08-12
GS,165.550003,2016-08-15
GS,165.649994,2016-08-16
GS,165.669998,2016-08-17
GS,166.059998,2016-08-18
GS,166.229996,2016-08-19
GS,166.259995,2016-08-22
GS,166.080002,2016-08-23
GS,165.300003,2016-08-24
GS,165.899994,2016-08-25
GS,165.970001,2016-08-26
GS,166.869995,2016-08-29
GS,169.369995,2016-08-30
GS,169.46000700000002,2016-08-31
GS,168.509995,2016-09-01
GS,169.179993,2016-09-02
GS,169.330002,2016-09-06
GS,169.669998,2016-09-07
GS,171.66000400000001,2016-09-08
GS,168.570007,2016-09-09
GS,171.059998,2016-09-12
GS,167.0,2016-09-13
GS,166.16000400000001,2016-09-14
GS,168.080002,2016-09-15
GS,166.0,2016-09-16
GS,166.21000700000002,2016-09-19
GS,166.470001,2016-09-20
GS,167.029999,2016-09-21
GS,168.020004,2016-09-22
GS,165.130005,2016-09-23
GS,161.479996,2016-09-26
GS,162.889999,2016-09-27
GS,163.449997,2016-09-28
GS,158.949997,2016-09-29
GS,161.270004,2016-09-30
GS,161.070007,2016-10-03
GS,162.270004,2016-10-04
GS,166.399994,2016-10-05
GS,167.149994,2016-10-06
GS,169.830002,2016-10-07
GS,171.03999299999998,2016-10-10
GS,169.03999299999998,2016-10-11
GS,169.300003,2016-10-12
GS,167.419998,2016-10-13
GS,170.520004,2016-10-14
GS,169.0,2016-10-17
GS,172.630005,2016-10-18
GS,174.509995,2016-10-19
GS,174.509995,2016-10-20
GS,174.669998,2016-10-21
GS,175.119995,2016-10-24
GS,175.550003,2016-10-25
GS,177.070007,2016-10-26
GS,177.75,2016-10-27
GS,177.139999,2016-10-28
GS,178.240005,2016-10-31
GS,178.059998,2016-11-01
GS,176.580002,2016-11-02
GS,176.21000700000002,2016-11-03
GS,175.919998,2016-11-04
GS,181.479996,2016-11-07
GS,181.919998,2016-11-08
GS,192.630005,2016-11-09
GS,200.869995,2016-11-10
GS,203.940002,2016-11-11
GS,209.179993,2016-11-14
GS,211.190002,2016-11-15
GS,206.259995,2016-11-16
GS,209.630005,2016-11-17
GS,210.350006,2016-11-18
GS,211.080002,2016-11-21
GS,211.11000099999998,2016-11-22
GS,212.309998,2016-11-23
GS,211.38000499999998,2016-11-25
GS,210.350006,2016-11-28
GS,211.75,2016-11-29
GS,219.289993,2016-11-30
GS,226.63000499999998,2016-12-01
GS,223.36000099999998,2016-12-02
GS,228.55000299999998,2016-12-05
GS,231.38000499999998,2016-12-06
GS,235.559998,2016-12-07
GS,241.44999700000002,2016-12-08
GS,241.850006,2016-12-09
GS,237.169998,2016-12-12
GS,238.55000299999998,2016-12-13
GS,239.92999300000002,2016-12-14
GS,243.0,2016-12-15
GS,238.899994,2016-12-16
GS,239.07000699999998,2016-12-19
GS,243.08999599999999,2016-12-20
GS,241.440002,2016-12-21
GS,240.11999500000002,2016-12-22
GS,240.97000099999997,2016-12-23
GS,241.559998,2016-12-27
GS,240.649994,2016-12-28
GS,238.17999300000002,2016-12-29
GS,239.44999700000002,2016-12-30
